Sunday,Breakfast,Rice; And; Beef;
Sunday,Breakfast,Broccoli,; Rice; And; Meat; For;
Sunday,Breakfast,Rice; And; Beef;
Sunday,Breakfast,Broccoli,; Rice; And; Meat; For;
Sunday,Breakfast,Egg; And; Cheese; For; Breakfast; With; Bacon;
Sunday,Breakfast,Rice; And; Beef;
Sunday,Breakfast,Broccoli,; Rice; And; Meat; For;
Sunday,Breakfast,Egg; And; Cheese; For; Breakfast; With; Bacon;
Sunday,Breakfast,Rice; And; Beef;
Sunday,Breakfast,Broccoli,; Rice; And; Meat; For;
Sunday,Breakfast,Egg; And; Cheese; For; With; Bacon;
Sunday,Breakfast,Rice; And; Beef;
Sunday,Breakfast,Broccoli,; Rice; And; Meat;
Sunday,Breakfast,Egg; And; Cheese; With; Bacon;
Sunday,Breakfast,Rice; Beef;
Sunday,Breakfast,Broccoli,; Rice; Meat;
Sunday,Breakfast,Egg; Cheese; Bacon;
Sunday,Breakfast,Rice; Beef;
Sunday,Breakfast,Broccoli; Rice; Meat;
Sunday,Breakfast,Egg; Cheese; Bacon;
Sunday,Breakfast,Broccoli; Rice; Meat;
Sunday,Breakfast,Broccoli; Rice; Meat;
Sunday,Breakfast,Broccoli; Rice; Meat;
Sunday,Breakfast,
Sunday,Breakfast,
Sunday,Breakfast,
Sunday,Breakfast,
Sunday,Breakfast,
Sunday,Breakfast,
Sunday,Breakfast,
Sunday,Breakfast,
Sunday,Breakfast,
Sunday,Breakfast,
Sunday,Breakfast,
Sunday,Breakfast,
Sunday,Breakfast,
Sunday,Breakfast,Broccoli; Rice; Meat;
Sunday,Breakfast,Broccoli; Rice; Meat;
Sunday,Breakfast,Broccoli; Rice; Meat;
Sunday,Breakfast,Broccoli; Rice; Meat;
Sunday,Breakfast,Apple; Rice; Meat;
